,links
0,/m/low_tide_2018/pictures/
1,/m/and_the_birds_rained_down/pictures/
2,/m/the_wedding_year
3,/m/haunt_2019/trailers/
4,/m/dwelling_in_the_fuchun_mountains
5,/m/gags_the_clown_2018
6,/m/sound_of_metal/pictures/
7,/m/a_girl_missing/pictures/
8,/m/hitsville_the_making_of_motown
9,/m/waiting_for_the_barbarians_2019
10,/m/litus
11,/m/noelle_2019
12,/m/serendipity_2019/trailers/
13,/m/iron_fists_and_kung_fu_kicks
14,/m/black_and_blue_2019/trailers/
15,/m/mary_2019/pictures/
16,/m/skin_in_the_game_2019
17,/m/city_that_never_sleeps
18,/m/jim_allison_breakthrough/trailers/
19,/m/among_the_living_2014
20,/m/blackbird_2019/pictures/
21,/m/ordinary_love
22,/m/pitchfork
23,/m/wallflower_2019/pictures/
24,/m/the_long_walk
25,/m/color_out_of_space/pictures/
26,/m/a_beautiful_day_in_the_neighborhood
27,/m/skin_in_the_game_2019/trailers/
28,/m/die_linkshandige_frau_1980
29,/m/demons_2017
30,/m/i_am_woman/pictures/
31,/m/the_captain_2019/trailers/
32,/m/housefull_4/trailers/
33,/m/system_crasher/pictures/
34,/m/britt_marie_was_here
35,/m/bloody_marie
36,/m/mosul/pictures/
37,/m/countdown_2019/trailers/
38,/m/vfw
39,/m/nipawistamasowin_we_will_stand_up
40,/m/the_negotiation/trailers/
41,/m/lord_jeff/pictures/
42,/m/heroic_losers
43,/m/zombieland_double_tap/pictures/
44,/m/guns_akimbo
45,/m/the_climbers_2019/trailers/
46,/m/just_like_the_son
47,/m/cold_brook
48,/m/fantastic_fungi
49,/m/arctic_dogs
50,/m/superpower_dogs/pictures/
51,/m/cut_shoot_kill/pictures/
52,/m/the_antenna/pictures/
53,/m/one_million_american_dreams
54,/m/riding_shotgun
55,/m/playing_with_fire_2019
56,/m/the_wedding_year/trailers/
57,/m/guns_akimbo/pictures/
58,/m/johnny_frank_garretts_last_word
59,/m/lost_boundaries/pictures/
60,/m/prince_brat_and_the_whipping_boy
61,/m/the_jurassic_games
62,/m/section_375/trailers/
63,/m/greed_2019/pictures/
64,/m/10_minutes_gone
65,/m/iron_fists_and_kung_fu_kicks/pictures/
66,/m/war_of_the_wildcats/pictures/
67,/m/3_days_with_dad
68,/m/prey_2018/trailers/
69,/m/a_dog_called_money
70,/m/polvo_2019
71,/m/the_personal_history_of_david_copperfield/pictures/
72,/m/zombieland_double_tap
73,/m/jim_allison_breakthrough
74,/m/the_good_liar
75,/m/the_platform
76,/m/the_vigil_2019/pictures/
77,/m/zeroville_2019
78,/m/steven_universe_the_movie
79,/m/ring_of_fear
80,/m/bloody_marie/pictures/
81,/m/stepsister_from_planet_weird/pictures/
82,/m/private-worlds
83,/m/in_your_hands_2018/pictures/
84,/m/fantastic_fungi/trailers/
85,/m/the_cat_and_the_moon/trailers/
86,/m/hearts_and_bones
87,/m/the_friend_2019
88,/m/rattlesnake
89,/m/weathering_with_you/pictures/
90,/m/mister_america/pictures/
91,/m/pope-joan
92,/m/mister_america/trailers/
93,/m/143_sahara_street/pictures/
94,/m/the_bestowal/trailers/
95,/m/watson
96,/m/radio_rebel_2012/pictures/
97,/m/the_parts_you_lose/pictures/
98,/m/the_other_lamb/pictures/
99,/m/the_woman_who_loves_giraffes/pictures/
100,/m/cut_shoot_kill
101,/m/miss_virginia
102,/m/the_zoya_factor
103,/m/can_you_keep_a_secret/trailers/
104,/m/surprise_me
105,/m/e_demon_2018
106,/m/ordinary_love/pictures/
107,/m/trick_2019/trailers/
108,/m/the_suite_life_movie
109,/m/im_leaving_now
110,/m/the_cotton_club_encore/pictures/
111,/m/american_dreamer_2019
112,/m/armin_2008
113,/m/knuckle_city/pictures/
114,/m/rapid_response
115,/m/lucky_grandma
116,/m/vitalina_varela
117,/m/inside_game
118,/m/gun_city/pictures/
119,/m/cunningham/trailers/
120,/m/lady_and_the_tramp_2019/pictures/
121,/m/sunday_girl/pictures/
122,/m/the_burnt_orange_heresy/pictures/
123,/m/last_christmas_2019/trailers/
124,/m/holiday_in_the_wild/pictures/
125,/m/sole_2019
126,/m/incredible_sarah
127,/m/roger_waters_us_them/trailers/
128,/m/gunmans_walk/pictures/
129,/m/golden_boy_2018/pictures/
130,/m/zombieland_double_tap/trailers/
131,/m/the_antenna
132,/m/jordan_river_anderson_the_messenger/pictures/
133,/m/white_lie_2019/pictures/
134,/m/the_dead_center/trailers/
135,/m/tammys_always_dying
136,/m/maleficent_mistress_of_evil/pictures/
137,/m/saint_maud
138,/m/our_lady_of_the_nile/pictures/
139,/m/bordertown_1935/pictures/
140,/m/superpower_dogs
141,/m/kinetta
142,/m/haunt_2019/pictures/
143,/m/coming_home_again
144,/m/dolemite_is_my_name
145,/m/city_that_never_sleeps/pictures/
146,/m/the_lost_okoroshi
147,/m/the_miracle_of_the_sargasso_sea/pictures/
148,/m/celebration
149,/m/portals/pictures/
150,/m/badland/trailers/
151,/m/seeds_2019/pictures/
152,/m/im_leaving_now/pictures/
153,/m/the_current_war_directors_cut/pictures/
154,/m/guest_of_honour/pictures/
155,/m/3_days_with_dad/trailers/
156,/m/workforce/pictures/
157,/m/countdown_2019/pictures/
158,/m/lost_boundaries
159,/m/8_2019/pictures/
160,/m/straight_up_2019/pictures/
161,/m/gun_city
162,/m/crshd/pictures/
163,/m/teen_beach_2/pictures/
164,/m/knuckle_city
165,/m/the_shed_2019/pictures/
166,/m/the_cordillera_of_dreams/pictures/
167,/m/earthquake_bird/trailers/
168,/m/nice_girl/pictures/
169,/m/3_from_hell/trailers/
170,/m/chhichhore/trailers/
171,/m/the-glass-wall/pictures/
172,/m/a_call_girl
173,/m/the_warrior_queen_of_jhansi/pictures/
174,/m/tu_me_manques
175,/m/mosul
176,/m/the_shed_2019/trailers/
177,/m/genocidal_organ/pictures/
178,/m/crshd
179,/m/girl_vs_monster
180,/m/the_last_summer_2019
181,/m/seven_thieves
182,/m/i_am_woman
183,/m/the_shed_2019
184,/m/and_the_birds_rained_down
185,/m/the_captain_2019/pictures/
186,/m/coming_home_again/pictures/
187,/m/the_cat_and_the_moon
188,/m/lady_and_the_tramp_2019
189,/m/let_it_snow_2019/trailers/
190,/m/the_county/pictures/
191,/m/sherlock_holmes-1920
192,/m/hangman_2015/pictures/
193,/m/let_it_snow_2019/pictures/
194,/m/the_sky_is_pink/pictures/
195,/m/sky_riders/pictures/
196,/m/cuck
197,/m/female_pleasure
198,/m/lol_2008
199,/m/the_possession_experiment
200,/m/the_all_americans
201,/m/white_snake/pictures/
202,/m/my-wifes-relations
203,/m/the_audition_2019
204,/m/heningways_adventures_of_a_young_man/pictures/
205,/m/primal/pictures/
206,/m/todos_caen
207,/m/mary_2019/trailers/
208,/m/that_certain_age
209,/m/the_warrior_queen_of_jhansi
210,/m/adoration_2019
211,/m/the_kingmaker
212,/m/bennetts_war
213,/m/bordertown_1935
214,/m/terminator_dark_fate/trailers/
215,/m/my_favorite_fabric
216,/m/second_star_on_the_right
217,/m/gintama
218,/m/prettykill/pictures/
219,/m/weathering_with_you
220,/m/lucky_day_2019/pictures/
221,/m/lord_jeff
222,/m/1068787-last_of_the_mohicans
223,/m/the_game_changers/pictures/
224,/m/pretenders
225,/m/heartlock/trailers/
226,/m/madre_2019
227,/m/bixa_travesty
228,/m/3_from_hell
229,/m/happy_face/pictures/
230,/m/artik/trailers/
231,/m/the_ghost_of_peter_sellers/pictures/
232,/m/every_time_i_die/trailers/
233,/m/groupers
234,/m/the_shock_of_the_future/pictures/
235,/m/the_dead_center/pictures/
236,/m/among_the_living_2014/pictures/
237,/m/martha_a_picture_story
238,/m/doctor_sleep
239,/m/you-wish
240,/m/homewrecker_2019
241,/m/10_minutes_gone/trailers/
242,/m/the_climbers_2019/pictures/
243,/m/hangman_2015
244,/m/i_love_you_both/trailers/
245,/m/housefull_4
246,/m/hope_2019
247,/m/adventures_in_babysitting_2015/pictures/
248,/m/can_of_worms
249,/m/blood_quantum/pictures/
250,/m/gemini_man_2019
251,/m/synchronic/pictures/
252,/m/i_love_you_both
253,/m/between_two_ferns_the_movie/pictures/
254,/m/pelican_blood_2019
255,/m/sell_by
256,/m/in_your_hands_2018
257,/m/abominable/trailers/
258,/m/lucky_day_2019
259,/m/hope_gap/pictures/
260,/m/ghost_killers_vs_bloody_mary
261,/m/how_to_build_a_better_boy
262,/m/midway_2019/pictures/
263,/m/miss_virginia/trailers/
264,/m/rocks
265,/m/artik
266,/m/you_lucky_dog/pictures/
267,/m/citizen_k/pictures/
268,/m/surprise_me/pictures/
269,/m/a_rainy_day_in_new_york
270,/m/a_girl_missing
271,/m/red_penguins
272,/m/northern_lights
273,/m/vfw/pictures/
274,/m/todos_caen/trailers/
275,/m/the_kingmaker/pictures/
276,/m/the_addams_family_2019/trailers/
277,/m/youre_killing_me
278,/m/second_star_on_the_right/pictures/
279,/m/a_german_youth/trailers/
280,/m/dilili_in_paris
281,/m/1982_2019
282,/m/surprise_me/trailers/
283,/m/in_the_tall_grass_2019
284,/m/wet_season
285,/m/fanny_lye_deliverd
286,/m/the_great_alaskan_race/trailers/
287,/m/wonder_woman_bloodlines
288,/m/alice_and_the_mayor
289,/m/the_vigil_2019
290,/m/seventeen_2019
291,/m/american_dreamer_2019/pictures/
292,/m/instinct_2019/pictures/
293,/m/cuck/trailers/
294,/m/surviving_christmas_with_the_relatives/pictures/
295,/m/klaus/pictures/
296,/m/angel_2018
297,/m/to_the_ends_of_the_earth_2019
298,/m/holiday_in_the_wild
299,/m/queen_and_slim/trailers/
300,/m/buoyancy
301,/m/low_low
302,/m/my_zoe
303,/m/cuernavaca
304,/m/in_the_shadow_of_the_moon_2019
305,/m/the_jurassic_games/pictures/
306,/m/the_body_remembers_when_the_world_broke_open
307,/m/the_song_of_names
308,/m/running_with_the_devil_2019/pictures/
309,/m/last_christmas_2019/pictures/
310,/m/jallikattu/pictures/
311,/m/tell_me_who_i_am/trailers/
312,/m/how_to_build_a_girl/pictures/
313,/m/nice_girl
314,/m/la_llorona_2019
315,/m/the_parts_you_lose/trailers/
316,/m/mope
317,/m/klaus/trailers/
318,/m/dirt_music_2019/pictures/
319,/m/verotika
320,/m/the_elephant_queen
321,/m/the_addams_family_2019/pictures/
322,/m/hope_2019/pictures/
323,/m/the_dead_center
324,/m/bill_burr_paper_tiger/pictures/
325,/m/between_two_ferns_the_movie/trailers/
326,/m/human_capital_2019
327,/m/zeroville_2019/pictures/
328,/m/jojo_rabbit/pictures/
329,/m/jay_and_silent_bob_reboot
330,/m/badland
331,/m/1176514-white_feather/pictures/
332,/m/the_cave_2019
333,/m/the_goldfinch/trailers/
334,/m/3_days_with_dad/pictures/
335,/m/love_child_2019
336,/m/endings_beginnings
337,/m/the_barefoot_emperor/pictures/
338,/m/1176514-white_feather
339,/m/dilili_in_paris/trailers/
340,/m/wonder_woman_bloodlines/pictures/
341,/m/the_body_remembers_when_the_world_broke_open/pictures/
342,/m/you_lucky_dog
343,/m/ernest_green_story
344,/m/collisions
345,/m/philophobia_or_the_fear_of_falling_in_love/trailers/
346,/m/the_man_between/pictures/
347,/m/the_cave_2019/pictures/
348,/m/the_gallows_act_ii/trailers/
349,/m/imprisoned_2019
350,/m/cargo_2017
351,/m/system_crasher
352,/m/the_bold_the_corrupt_and_the_beautiful
353,/m/fun_down_there
354,/m/the_sleepwalkers/pictures/
355,/m/violence_voyager
356,/m/rattlesnake/pictures/
357,/m/twas_the_night
358,/m/radio_rebel_2012
359,/m/the_great_mans_lady
360,/m/the_irishman
361,/m/heilstatten/pictures/
362,/m/bennetts_war/pictures/
363,/m/doctor_sleep/trailers/
364,/m/a_thiefs_daughter/pictures/
365,/m/dolemite_is_my_name/trailers/
366,/m/the_other_lamb
367,/m/the_warrior_queen_of_jhansi/trailers/
368,/m/saand_ki_aankh/trailers/
369,/m/running_with_the_devil_2019
370,/m/sell_by/pictures/
371,/m/sweetness_in_the_belly/pictures/
372,/m/fractured
373,/m/qt8_the_first_eight
374,/m/den_brother
375,/m/jesus_is_king
376,/m/the_bestowal
377,/m/citizen_k
378,/m/the_parts_you_lose
379,/m/bad_education_2019
380,/m/wet_season/pictures/
381,/m/hustlers_2019/pictures/
382,/m/the_song_of_names/pictures/
383,/m/let_it_be_law
384,/m/the_gallows_act_ii/pictures/
385,/m/the_pool_2019/pictures/
386,/m/1982_2019/pictures/
387,/m/gemini_man_2019/trailers/
388,/m/birthday_2019
389,/m/disco/pictures/
390,/m/el_camino_a_breaking_bad_movie/trailers/
391,/m/dream_girl_2019
392,/m/gemini_man_2019/pictures/
393,/m/this_is_not_a_movie_2019
394,/m/dream_girl_2019/pictures/
395,/m/prince_brat_and_the_whipping_boy/pictures/
396,/m/dead-heist/pictures/
397,/m/radioflash/trailers/
398,/m/jexi
399,/m/63_up/trailers/
400,/m/drive_2019
401,/m/white_lie_2019
402,/m/violence_voyager/pictures/
403,/m/ms_slavic_7/pictures/
404,/m/can_you_keep_a_secret
405,/m/buoyancy/pictures/
406,/m/mother_2019
407,/m/my_zoe/pictures/
408,/m/jordan_river_anderson_the_messenger
409,/m/a_german_youth/pictures/
410,/m/cut_shoot_kill/trailers/
411,/m/the_game_changers/trailers/
412,/m/a_reindeers_journey/trailers/
413,/m/lady_and_the_tramp_2019/trailers/
414,/m/a_bump_along_the_way
415,/m/genocidal_organ
416,/m/tu_me_manques/pictures/
417,/m/the_pool_2019
418,/m/scarborough/trailers/
419,/m/charlies_angels_2019/pictures/
420,/m/abu_father
421,/m/the_forest_of_love/pictures/
422,/m/ride_like_a_girl/pictures/
423,/m/bennetts_war/trailers/
424,/m/britt_marie_was_here/pictures/
425,/m/shaun_the_sheep_movie_farmageddon/trailers/
426,/m/dark_suns
427,/m/buffaloed
428,/m/hope_gap
429,/m/playing_with_fire_2019/pictures/
430,/m/calm_with_horses/pictures/
431,/m/37_seconds/pictures/
432,/m/10_minutes_gone/pictures/
433,/m/the_moneychanger/pictures/
434,/m/primal
435,/m/made_in_china_2019_2
436,/m/antigone_2019/pictures/
437,/m/disco
438,/m/auggie/pictures/
439,/m/demons_2017/pictures/
440,/m/eli_2019/trailers/
441,/m/spiral_2019
442,/m/crown_vic
443,/m/a_regular_woman
444,/m/sid_and_judy/pictures/
445,/m/truth_or_dare_2017
446,/m/saudi_womens_driving_school
447,/m/ready_to_mingle
448,/m/my_brothers_name_is_robert_and_he_is_an_idiot
449,/m/carltonbrowne-of-the-fo
450,/m/the_elephant_queen/pictures/
451,/m/shaun_the_sheep_movie_farmageddon/pictures/
452,/m/outside_the_law_1920/pictures/
453,/m/dont_be_nice/trailers/
454,/m/i_lost_my_body/trailers/
455,/m/lina_from_lima/pictures/
456,/m/knives_out
457,/m/jungleland/pictures/
458,/m/playing_with_fire_2019/trailers/
459,/m/saint_maud/pictures/
460,/m/straight_up_2019
461,/m/last_christmas_2019
462,/m/seven_thieves/pictures/
463,/m/dark_waters_2019/pictures/
464,/m/steven_universe_the_movie/trailers/
465,/m/cloud_9_2014
466,/m/female_pleasure/pictures/
467,/m/charlies_angels_2019
468,/m/can_you_keep_a_secret/pictures/
469,/m/send_me_to_the_clouds
470,/m/clifton_hill
471,/m/portals/trailers/
472,/m/downton_abbey/trailers/
473,/m/blackbird_2019
474,/m/two_of_us
475,/m/heimat_is_a_space_in_time/pictures/
476,/m/on_the_presidents_orders
477,/m/jay_and_silent_bob_reboot/trailers/
478,/m/bala_2019
479,/m/the_irishman/trailers/
480,/m/the_little_mermaid_live/pictures/
481,/m/in_search_of_darkness
482,/m/charlies_angels_2019/trailers/
483,/m/the_true_adventures_of_wolfboy
484,/m/rialto
485,/m/clowntergeist
486,/m/vhyes
487,/m/instinct_2019
488,/m/we_summon_the_darkness
489,/m/sunday_girl
490,/m/to_the_ends_of_the_earth_2019/pictures/
491,/m/the_great_alaskan_race/pictures/
492,/m/freaky_friday_2018
493,/m/knives_out/pictures/
494,/m/cyrano_my_love
495,/m/ring_of_fear/pictures/
496,/m/hustlers_2019
497,/m/push_2019/pictures/
498,/m/surviving_christmas_with_the_relatives
499,/m/my-wifes-relations/pictures/
500,/m/a_german_youth
501,/m/just_mercy
502,/m/the_parting_glass/pictures/
503,/m/britt_marie_was_here/trailers/
504,/m/queen_and_slim
505,/m/i_love_you_both/pictures/
506,/m/maleficent_mistress_of_evil
507,/m/in_the_shadow_of_the_moon_2019/trailers/
508,/m/doctor_sleep/pictures/
509,/m/the_obituary_of_tunde_johnson
510,/m/a_dog_called_money/pictures/
511,/m/promare
512,/m/the_woman_who_loves_giraffes
513,/m/seventeen_2019/pictures/
514,/m/the_barefoot_emperor
515,/m/teen_beach_2
516,/m/nipawistamasowin_we_will_stand_up/pictures/
517,/m/vhyes/pictures/
518,/m/we_summon_the_darkness/pictures/
519,/m/to_hell_and_back_the_kane_hodder_story/pictures/
520,/m/american_dreamer_2019/trailers/
521,/m/scandalous_the_untold_story_of_the_national_enquirer/trailers/
522,/m/in_the_tall_grass_2019/pictures/
523,/m/cuernavaca/pictures/
524,/m/our_lady_of_the_nile
525,/m/the_true_adventures_of_wolfboy/pictures/
526,/m/klaus
527,/m/philophobia_or_the_fear_of_falling_in_love
528,/m/the_endless_trench
529,/m/promare/trailers/
530,/m/dark_waters_2019
531,/m/ernie_and_joe
532,/m/the_idle_class
533,/m/every_time_i_die/pictures/
534,/m/slam_2018
535,/m/the_zoya_factor/trailers/
536,/m/earthquake_bird/pictures/
537,/m/collective_2019/pictures/
538,/m/semper_fi_2019/trailers/
539,/m/mary_2019
540,/m/the_personal_history_of_david_copperfield
541,/m/a_bump_along_the_way/pictures/
542,/m/mail_order_monster
543,/m/pelican_blood_2019/pictures/
544,/m/lara
545,/m/bad_education_2019/pictures/
546,/m/riot_girls/pictures/
547,/m/synchronic
548,/m/the_audition_2019/pictures/
549,/m/good_posture
550,/m/aurora_2019
551,/m/lucy_in_the_sky/pictures/
552,/m/a_reindeers_journey
553,/m/midway_2019/trailers/
554,/m/dying_to_survive
555,/m/middle-of-the-night
556,/m/once_were_brothers_robbie_robertson_and_the_band/pictures/
557,/m/love_child_2019/pictures/
558,/m/riot_girls
559,/m/gaily_gaily_2011
560,/m/the_moneychanger
561,/m/lucy_in_the_sky
562,/m/the_sleepwalkers
563,/m/while_at_war/pictures/
564,/m/primal/trailers/
565,/m/minstrel_man/pictures/
566,/m/lucky_day_2019/trailers/
567,/m/guest_of_honour
568,/m/the_black_pit_of_dr_m
569,/m/low_tide_2018
570,/m/baby_blue_marine/pictures/
571,/m/the_current_war_directors_cut/trailers/
572,/m/stepsister_from_planet_weird
573,/m/hitsville_the_making_of_motown/pictures/
574,/m/human_capital_2019/pictures/
575,/m/corpus_christi_2019/pictures/
576,/m/the_irishman/pictures/
577,/m/abominable
578,/m/harriet/trailers/
579,/m/riding_shotgun/pictures/
580,/m/jungleland
581,/m/bloodline_2019/trailers/
582,/m/trick_2019/pictures/
583,/m/wallflower_2019
584,/m/bit/pictures/
585,/m/the_cat_and_the_moon/pictures/
586,/m/the_sweeney_paris
587,/m/back_soon
588,/m/first_a_girl
589,/m/gintama/trailers/
590,/m/golden_boy_2018
591,/m/just_like_the_son/pictures/
592,/m/our_ladies
593,/m/the_obituary_of_tunde_johnson/pictures/
594,/m/the_possession_experiment/trailers/
595,/m/black_shield_of_falworth/pictures/
596,/m/dilili_in_paris/pictures/
597,/m/pope-joan/pictures/
598,/m/phoenix_2018
599,/m/flatland_2019/pictures/
600,/m/blood_and_flesh_the_reel_life_and_ghastly_death_of_al_adamson
601,/m/clowntergeist/pictures/
602,/m/miss_virginia/pictures/
603,/m/one_piece_stampede
604,/m/the_riot_act/pictures/
605,/m/fireflies_2018
606,/m/mope/pictures/
607,/m/happy_face
608,/m/emu_runner
609,/m/war_2019
610,/m/eli_2019/pictures/
611,/m/santiago_italia/pictures/
612,/m/sole_2019/pictures/
613,/m/harriet
614,/m/a_thiefs_daughter
615,/m/scandalous_the_untold_story_of_the_national_enquirer/pictures/
616,/m/the_current_war/pictures/
617,/m/hustlers_2019/trailers/
618,/m/bill_burr_paper_tiger
619,/m/johnny_frank_garretts_last_word/pictures/
620,/m/truth_or_dare_2017/pictures/
621,/m/mail_order_monster/pictures/
622,/m/3_from_hell/pictures/
623,/m/corpus_christi_2019
624,/m/to_hell_and_back_the_kane_hodder_story
625,/m/the_gallows_act_ii
626,/m/queen_and_slim/pictures/
627,/m/fireflies_2018/pictures/
628,/m/jenny_slate_stage_fright/pictures/
629,/m/banana_split_2018
630,/m/the_forest_of_love
631,/m/jallikattu
632,/m/push_2019
633,/m/the_cotton_club_encore
634,/m/wrinkles_the_clown/pictures/
635,/m/inside_game/pictures/
636,/m/between_two_ferns_the_movie
637,/m/fractured/trailers/
638,/m/the_riot_act
639,/m/chhichhore
640,/m/zeroville_2019/trailers/
641,/m/sunday_girl/trailers/
642,/m/crown_vic/pictures/
643,/m/outside_the_law_1920
644,/m/sound_of_metal
645,/m/sweetness_in_the_belly
646,/m/prassthanam
647,/m/a_serial_killers_guide_to_life
648,/m/the_current_war_directors_cut
649,/m/color_out_of_space
650,/m/143_sahara_street
651,/m/harriet/pictures/
652,/m/countdown_2019
653,/m/no_safe_spaces
654,/m/semper_fi_2019/pictures/
655,/m/balloon_2018
656,/m/western_stars/trailers/
657,/m/dont_be_nice
658,/m/the_awakening_of_motti_wolkenbruch
659,/m/middle-of-the-night/pictures/
660,/m/the_bestowal/pictures/
661,/m/inxs-live-baby-live
662,/m/adults_in_the_room/pictures/
663,/m/fractured/pictures/
664,/m/radioactive/pictures/
665,/m/radioactive
666,/m/adventures_in_babysitting_2015
667,/m/tall_girl
668,/m/the_sky_is_pink/trailers/
669,/m/white_snake/trailers/
670,/m/red_penguins/pictures/
671,/m/the_man_between
672,/m/trick_2019
673,/m/the_friend_2019/pictures/
674,/m/shaun_the_sheep_movie_farmageddon
675,/m/a_regular_woman/pictures/
676,/m/hellbreeder
677,/m/the_best_years_of_a_life
678,/m/earthquake_bird
679,/m/dark_waters_2019/trailers/
680,/m/entangled_2019
681,/m/mamitas_2011/pictures/
682,/m/ride_your_wave/pictures/
683,/m/every_time_i_die
684,/m/the_game_changers
685,/m/sky_riders
686,/m/heningways_adventures_of_a_young_man
687,/m/the_miracle_of_the_sargasso_sea
688,/m/gift/trailers/
689,/m/moffie
690,/m/riot_girls/trailers/
691,/m/downton_abbey
692,/m/serendipity_2019/pictures/
693,/m/running_with_the_devil_2019/trailers/
694,/m/celebration/pictures/
695,/m/a_reindeers_journey/pictures/
696,/m/marias_paradise
697,/m/deadcon
698,/m/el_camino_a_breaking_bad_movie/pictures/
699,/m/semper_fi_2019
700,/m/sye_raa_narasimha_reddy
701,/m/the_little_mermaid_live
702,/m/seeds_2019/trailers/
703,/m/a_beautiful_day_in_the_neighborhood/pictures/
704,/m/military_wives
705,/m/housefull_4/pictures/
706,/m/the_shock_of_the_future
707,/m/blood_quantum
708,/m/imprisoned_2019/pictures/
709,/m/bloody_marie/trailers/
710,/m/ride_your_wave
711,/m/saand_ki_aankh
712,/m/gift
713,/m/once_were_brothers_robbie_robertson_and_the_band
714,/m/placido1961
715,/m/the_parting_glass
716,/m/the-dion-brothers-the-gravy-train
717,/m/fantastic_fungi/pictures/
718,/m/back_soon/pictures/
719,/m/pretenders/pictures/
720,/m/proxima_2019/pictures/
721,/m/the_twentieth_century/pictures/
722,/m/pretenders/trailers/
723,/m/abominable/pictures/
724,/m/jason_and_shirley
725,/m/the_county
726,/m/tell_me_who_i_am
727,/m/jexi/trailers/
728,/m/heartlock
729,/m/1022021-trio/pictures/
730,/m/lina_from_lima
731,/m/heartlock/pictures/
732,/m/auggie
733,/m/bloodline_2019
734,/m/youre-never-too-young/pictures/
735,/m/lucy_in_the_sky/trailers/
736,/m/black_and_blue_2019
737,/m/skin_in_the_game_2019/pictures/
738,/m/pitchfork/pictures/
739,/m/desolation_center
740,/m/in_the_shadow_of_the_moon_2019/pictures/
741,/m/the-red-danube
742,/m/eli_2019
743,/m/a_beautiful_day_in_the_neighborhood/trailers/
744,/m/western_stars
745,/m/the_captain_2019
746,/m/anne_at_13000_ft
747,/m/jexi/pictures/
748,/m/la_llorona_2019/pictures/
749,/m/one_million_american_dreams/trailers/
750,/m/bless_their_little_hearts
751,/m/the_college_admissions_scandal
752,/m/jenny_slate_stage_fright
753,/m/incredible_sarah/pictures/
754,/m/just_mercy/pictures/
755,/m/the_great_mans_lady/pictures/
756,/m/martha_a_picture_story/pictures/
757,/m/antigone_2019
758,/m/63_up
759,/m/downton_abbey/pictures/
760,/m/hearts_and_bones/pictures/
761,/m/desolation_center/pictures/
762,/m/the_riot_act/trailers/
763,/m/haunt_2019
764,/m/the_addams_family_2019
765,/m/the-glass-wall
766,/m/gags_the_clown_2018/pictures/
767,/m/1022021-trio
768,/m/the_possession_experiment/pictures/
769,/m/artik/pictures/
770,/m/cold_brook/pictures/
771,/m/arctic_dogs/trailers/
772,/m/the_cordillera_of_dreams
773,/m/wallflower_2019/trailers/
774,/m/cyrano_my_love/pictures/
775,/m/dead-heist
776,/m/roger_waters_us_them
777,/m/jojo_rabbit/trailers/
778,/m/true_history_of_the_kelly_gang/pictures/
779,/m/anne_at_13000_ft/pictures/
780,/m/american_son_2019
781,/m/laal_kaptaan
782,/m/the_good_liar/trailers/
783,/m/wrinkles_the_clown/trailers/
784,/m/portals
785,/m/arctic_dogs/pictures/
786,/m/they_met_in_bombay_1941
787,/m/drive_2019/pictures/
788,/m/midway_2019
789,/m/scandalous_the_untold_story_of_the_national_enquirer
790,/m/feast_of_the_seven_fishes/pictures/
791,/m/evelyn_2018
792,/m/weathering_with_you/trailers/
793,/m/the_lost_okoroshi/pictures/
794,/m/to_hell_and_back_the_kane_hodder_story/trailers/
795,/m/cuck/pictures/
796,/m/meet-the-stewarts
797,/m/let_it_be_law/pictures/
798,/m/this_is_not_a_movie_2019/pictures/
799,/m/37_seconds
800,/m/i_lost_my_body/pictures/
801,/m/scream_queen_my_nightmare_on_elm_street
802,/m/bit
803,/m/freaky_friday_2018/pictures/
804,/m/the_awakening_of_motti_wolkenbruch/pictures/
805,/m/gunmans_walk
806,/m/let_it_snow_2019
807,/m/the-red-danube/pictures/
808,/m/marias_paradise/pictures/
809,/m/war_of_the_wildcats
810,/m/noelle_2019/pictures/
811,/m/collective_2019
812,/m/flatland_2019
813,/m/bless_their_little_hearts/pictures/
814,/m/tall_girl/trailers/
815,/m/baby_blue_marine
816,/m/the_ghost_of_peter_sellers
817,/m/low_low/pictures/
818,/m/63_up/pictures/
819,/m/e_demon_2018/pictures/
820,/m/cyrano_my_love/trailers/
821,/m/jett_jackson_the_movie/pictures/
822,/m/section_375
823,/m/western_stars/pictures/
824,/m/war_2019/trailers/
825,/m/one_piece_stampede/trailers/
826,/m/sea_fever_2019/pictures/
827,/m/watson/pictures/
828,/m/rattlesnake/trailers/
829,/m/clifton_hill/pictures/
830,/m/prettykill
831,/m/ujda_chaman
832,/m/wilkolak/pictures/
833,/m/die_linkshandige_frau_1980/pictures/
834,/m/the_current_war/trailers/
835,/m/qt8_the_first_eight/trailers/
836,/m/the_goldfinch/pictures/
837,/m/aurora_2019/pictures/
838,/m/the_great_alaskan_race
839,/m/youre-never-too-young
840,/m/balloon_2018/pictures/
841,/m/the_best_years_of_a_life/pictures/
842,/m/heilstatten
843,/m/ms_slavic_7
844,/m/bloodline_2019/pictures/
845,/m/military_wives/pictures/
846,/m/feast_of_the_seven_fishes
847,/m/the_sky_is_pink
848,/m/1068787-last_of_the_mohicans/pictures/
849,/m/dark_lies_the_island
850,/m/the_unicorn_2019
851,/m/8_2019
852,/m/jett_jackson_the_movie
853,/m/heimat_is_a_space_in_time
854,/m/banana_split_2018/pictures/
855,/m/sea_fever_2019
856,/m/the_shepherd_of_the_hills/pictures/
857,/m/the_climbers_2019
858,/m/sherlock_holmes-1920/pictures/
859,/m/true_history_of_the_kelly_gang
860,/m/abu_father/pictures/
861,/m/tammys_always_dying/pictures/
862,/m/american_son_2019/pictures/
863,/m/northern_lights/pictures/
864,/m/tomorrow_2016
865,/m/tall_girl/pictures/
866,/m/landmine_goes_click
867,/m/jesus_is_king/trailers/
868,/m/dying_to_survive/trailers/
869,/m/maleficent_mistress_of_evil/trailers/
870,/m/adults_in_the_room
871,/m/dirt_music_2019
872,/m/the_twentieth_century
873,/m/war_2019/pictures/
874,/m/all_the_brothers_were_valiant
875,/m/low_tide_2018/trailers/
876,/m/cargo_2017/trailers/
877,/m/proxima_2019
878,/m/rocks/pictures/
879,/m/cold_brook/trailers/
880,/m/radioflash
881,/m/greed_2019
882,/m/how_to_build_a_girl
883,/m/i_lost_my_body
884,/m/mamitas_2011
885,/m/all_the_brothers_were_valiant/pictures/
886,/m/e_demon_2018/trailers/
887,/m/resin_2019
888,/m/dying_to_survive/pictures/
889,/m/todos_caen/pictures/
890,/m/loro-di-napoli
891,/m/the_kingmaker/trailers/
892,/m/resin_2019/pictures/
893,/m/the_burnt_orange_heresy
894,/m/collisions/trailers/
895,/m/while_at_war
896,/m/seeds_2019
897,/m/wilkolak
898,/m/endings_beginnings/pictures/
899,/m/just_mercy/trailers/
900,/m/inside_game/trailers/
901,/m/the_shepherd_of_the_hills
902,/m/wrinkles_the_clown
903,/m/the_goldfinch
904,/m/santiago_italia
905,/m/jojo_rabbit
906,/m/the_long_walk/pictures/
907,/m/el_camino_a_breaking_bad_movie
908,/m/demons_2017/trailers/
909,/m/loro-di-napoli/pictures/
910,/m/holiday_in_the_wild/trailers/
911,/m/knives_out/trailers/
912,/m/collisions/pictures/
913,/m/two_of_us/pictures/
914,/m/the_current_war
915,/m/cunningham
916,/m/first_cow
917,/m/imprisoned_2019/trailers/
918,/m/sid_and_judy
919,/m/workforce
920,/m/the_platform/pictures/
921,/m/dream_girl_2019/trailers/
922,/m/mister_america
923,/m/the_good_liar/pictures/
924,/m/black_and_blue_2019/pictures/
925,/m/black_shield_of_falworth
926,/m/minstrel_man
927,/m/white_snake
928,/m/radioflash/pictures/
929,/m/scarborough
930,/m/prey_2018
931,/m/vitalina_varela/pictures/
932,/m/they_met_in_bombay_1941/pictures/
933,/m/rose_plays_julie
934,/m/terminator_dark_fate
935,/m/ride_like_a_girl
936,/m/the_all_americans/trailers/
937,/m/one_million_american_dreams/pictures/
938,/m/heroic_losers/pictures/
939,/m/feast_of_the_seven_fishes/trailers/
940,/m/calm_with_horses
941,/m/the_negotiation
942,/m/the_negotiation/pictures/
943,/m/in_the_tall_grass_2019/trailers/
944,/m/serendipity_2019
945,/m/homewrecker_2019/pictures/
